{
  "deny": {
    "precision": 0.5714285714285714,
    "recall": 0.5714285714285714,
    "f1-score": 0.5714285714285714,
    "support": 14,
    "confused_with": {
      "affirm": 4,
      "goodbye": 2
    }
  },
  "goodbye": {
    "precision": 0.5,
    "recall": 0.2222222222222222,
    "f1-score": 0.30769230769230765,
    "support": 9,
    "confused_with": {
      "greet": 3,
      "deny": 2
    }
  },
  "affirm": {
    "precision": 0.5294117647058824,
    "recall": 0.5625,
    "f1-score": 0.5454545454545455,
    "support": 16,
    "confused_with": {
      "send_email": 3,
      "inform": 2
    }
  },
  "send_email": {
    "precision": 0.7857142857142857,
    "recall": 0.8148148148148148,
    "f1-score": 0.7999999999999999,
    "support": 27,
    "confused_with": {
      "inform": 2,
      "affirm": 2
    }
  },
  "inform": {
    "precision": 0.9347826086956522,
    "recall": 0.9555555555555556,
    "f1-score": 0.945054945054945,
    "support": 90,
    "confused_with": {
      "send_email": 3,
      "affirm": 1
    }
  },
  "greet": {
    "precision": 0.8333333333333334,
    "recall": 0.8823529411764706,
    "f1-score": 0.8571428571428571,
    "support": 17,
    "confused_with": {
      "inform": 1,
      "deny": 1
    }
  },
  "accuracy": 0.8208092485549133,
  "macro avg": {
    "precision": 0.6924450939796208,
    "recall": 0.6681456841996057,
    "f1-score": 0.6711288711288711,
    "support": 173
  },
  "weighted avg": {
    "precision": 0.8120345398777756,
    "recall": 0.8208092485549133,
    "f1-score": 0.8134270353923533,
    "support": 173
  }
}